,,,,,,,,,,,,,,,,,
Contactos,,,,,Clientes,,,,,Documentos,,,,,Siniestros,,
Campo,Descripcion,Comentarios,,,Campo,Descripcion,Comentarios,,,Campo,Descripcion,Comentarios,,,Campo,Descripción,Comentarios
CatContactos.IDCont,Contacto,-1 Para Nuevo,,,CatClientes.IDCli,IDCliente,-1 Para Nuevo,,,DatDocumentos.IDDocto,Documento,-1 Para Nuevo  / Obligatorio,,,IDSiniestro,Siniestro,-1 Para Nuevo  / Obligatorio
CatContactos.TipoEnt,Entidad,0 PF 1 PM / Obligatorio,,,CatClientes.IDGrupo,Grupo,Catalogo / Obligatorio,,,DatDocumentos.IDPolMta,Póliza Maestra,Catalogo,,,TipoSin,Tipo de Siniestro,
CatContactos.ApellidoP,Apellido Paterno,Obligatorio,,,CatClientes.IDSGrupo,Sub Grupo,Catalogo,,,DatDocumentos.TipoDocto,Tipo Documento,0 Orden 1 Poliza *,,,IDDocto,ID de Documento,
CatContactos.ApellidoM,Apellido Materno,,,,CatClientes.IDSSGrupo,Sub Sub Grupo,Catalogo,,,DatDocumentos.Solicitud,Solicitud,No. De Solicitud,,,IDInc,ID del Inciso en caso de Tener,
CatContactos.Nombre,Nombre(s),Obligatorio,,,CatClientes.IDEjecut,Ejecutivo de Cuenta,Catalogo / Obligatorio,,,DatDocumentos.Documento,Documento,Documento / No. De Poliza,,,IDMon,ID de Moneda,
CatContactos.Titulo,Titulo,,,,CatClientes.Calidad,Calidad de Cliente,Catalogo,,,DatDocumentos.DAnterior,Anterior,,,,NumSiniestro,Numero de Siniestro,
CatContactos.FechaNac,Fecha Nacimiento,dd/mm/yyyy,,,CatClientes.IDEmpresaC,Empresa de Cobro,Catalogo / IDCont,,,DatDocumentos.DPosterior,Posterior,,,,FPSintoma,Fecha Reporte o Primer Sintoma,
CatContactos.Sexo,Sexo,CAtalogo 0 Mas 1 Fem,,,CatClientes.IDNombreC,Contacto de Cobro,Catalogo / IDCont,,,DatDocumentos.IDCli,Cliente,IDCli / Catalogo,,,FReclamacion,Fecha de Reclamacion,
CatContactos.EdoCivil,Estado Civil,,,,CatClientes.Horario,Horario de Cobro,,,,DatDocumentos.IDDir,Dirección,IDDir / Catalogo,,,FElaboracion,Fecha de Elaboracion,
CatContactos.RazonSocial,Razón Social,,,,CatClientes.Status,Estatus,Catalogo,,,DatDocumentos.IDGrupo,Grupo,IDGrupo / Catalogo,,,FPromTermina,Fecha de Promesa de Terminacion,
CatContactos.NombreCompleto,Nombre Completo,,,,CatClientes.UpdateProc,Proceso Actualización,Catalogo,,,DatDocumentos.IDSGrupo,Sub Grupo,Catalogo,,,FStatus,Fecha del Estatus,
CatContactos.FechaConst,Fecha Constitución,,,,CatClientes.UpdateStatus,Actualizado,,,,DatDocumentos.IDSSGrupo,Sub Sub Grupo,Catalogo,,,FRecep,Fecha de Recepcion de Documentos,
CatContactos.RFC,Registro Federal de Contribuyente,,,,CatClientes.ObsCobro,Observaciones,,,,DatDocumentos.IDAgente,Agente,IDAgente / Clave de Agente/  Catalogo,,,FEnvio,Fecha de Envio  a la Cia.,
CatContactos.CURP,C.U.R.P.,,,,CatClientes.Comentario,Comentario,,,,DatDocumentos.IDFPago,Forma de Pago,IDFPago  / Catalogo,,,Complemento,Complemento,
CatContactos.Abreviacion,Alias,,,,CatClientes.IDCont,Contacto,IDCont Relacionado,,,DatDocumentos.IDMon,Moneda,IDMon / Catalogo,,,FolioNo,Número de Folio,
CatContactos.Expediente,Expediente,,,,CatClientes.IDEjecutCob,Ejecutivo de Cobranza,Catalogo,,,DatDocumentos.IDSRamo,Sub Ramo,IDSRamo / Catalogo,,,FolioNoCia,Folio de Cía.,
CatContactos.Nacionalidad,Nacionalidad,,,,CatClientes.IDEjecutRec,Ejecutivo de Reclamaciones,Catalogo,,,DatDocumentos.IDEjecut,Ejecutivo,IDEjecut / Catalogo,,,CobAfectada,Cobertura Afectada / Riesgo Afectado,
CatContactos.LugarNac,Lugar Nacimiento,,,,,,,,,DatDocumentos.IDVend,Vendedor,IDVend / Catalogo,,,Padecimiento,Padecimiento/Causa,
CatContactos.IDEdoNac,ID Estado Nacimiento,Catalogo,,,,,,,,DatDocumentos.IDEjecutCia,Ejecutivo de Compañía,IDEjecutCia / Catalogo,,,Causa,Causa / Tratamiento,
CatContactos.EstadoNac,Estado Nacimiento,,,,Direcciones,,,,,DatDocumentos.IDBenef,Beneficiario Preferente,IDBPref / Catalogo / IDCont,,,Descripcion,Descripcion,
CatContactos.CargoGub,Cargo en Gobierno,,,,Campo,Descripcion,Comentarios,,,DatDocumentos.CCobro,Conducto de Cobro,Catalogo,,,Certificado,Certificado,
CatContactos.Giro,Giro,,,,CatDirecciones.IDDir,ID Dirección,-1 Para  Nueva / Obligatorio,,,DatDocumentos.TCCobro,Tipo de Conducto Cobro,Catalogo,,,Status,Estatus,
CatContactos.Actividad,Actividad,,,,CatDirecciones.Calle,Calle,Obligatorio,,,DatDocumentos.TPago,Tipo de Pago,Catalogo,,,StatusUsr,Estatus de usuario,
CatContactos.Horario,Horario,,,,CatDirecciones.NOExt,No. Exterior,,,,DatDocumentos.TVenta,Tipo de Venta,Catalogo,,,SumaAseg,Suma Asegurada,
CatContactos.IDEmpresa,Empresa (Trabajo),Catalogo,,,CatDirecciones.NOInt,No. Interior,,,,DatDocumentos.Renovacion,Renovación,,,,Estimacion,Estimacion,
CatContactos.Profesion,Profesión,,,,CatDirecciones.CPostal,Código Postal,,,,DatDocumentos.FAntiguedad,Fecha de Antigüedad,,,,Reclamado,Reclamado,
CatContactos.Puesto,Puesto,,,,CatDirecciones.Colonia,Colonia,,,,DatDocumentos.FDesde,Desde,,,,Deducible,Deducible,
CatContactos.Trato,Trato,,,,CatDirecciones.Poblacion,Población,,,,DatDocumentos.FHasta,Hasta,,,,DedVigAnt,Deducible Vigente Anterior,
CatContactos.Departamento,Departamento,,,,CatDirecciones.Ciudad,Estado,,,,DatDocumentos.FSolicitud,Solicitud,,,,NoProcede,Reclamado que no procede o Gastos No Cubiertos,
CatContactos.FechaIniEmpl,Fecha Ingreso,,,,CatDirecciones.Pais,País,,,,DatDocumentos.FCaptura,Captura,,,,Coaseguro,Coaseguro,
CatContactos.CantEmpleados,Empleados,,,,CatDirecciones.Telefono1,Teléfono 1,"Compocision  de Los Telefonos
Tipo|Numero
Casa|5555555",,,DatDocumentos.FEnvio,Envío,,,,Participacion,Participacion,
CatContactos.Clasifica,Clasificación,Catalogo,,,CatDirecciones.Telefono2,Teléfono 2,,,,DatDocumentos.FRecepcion,Recepción,,,,Convenio,Convenio,
CatContactos.EMail1,Correo 1,,,,CatDirecciones.Telefono3,Teléfono 3,,,,DatDocumentos.FConversion,Conversión,,,,Retencion,Retencion de Importe,
CatContactos.EMail2,Correo 2,,,,CatDirecciones.Telefono4,Teléfono 4,,,,DatDocumentos.FEmision,Emisión,,,,Cheque,Cheque,
CatContactos.URL,URL,,,,CatDirecciones.Telefono5,Teléfono 5,,,,DatDocumentos.FEntrega,Entrega,,,,FolioCaja,Folio Caja,
CatContactos.RedSocial1,Red Social Face Book,,,,CatDirecciones.Telefono6,Teléfono 6,,,,DatDocumentos.FStatus,Fecha de Estatus,,,,PPendiente,Prima Pendiente,
CatContactos.RedSocial2,Red Social Twitter,,,,CatDirecciones.TipoDir,Tipo Dirección,Texto,,,DatDocumentos.MotStatus,Motivo Estatus,,,,Pagado,Importe del Cheque,
CatContactos.RedSocial3,Red Social o Skype,,,,CatDirecciones.Indicaciones,Indicaciones,,,,DatDocumentos.Status,Estatus,Catalogo / 0 Vigente 1 Cancelada,,,PCoaseguro,Porcentaje de Coaseguro,
CatContactos.FechaCap,Fecha Captura,,,,CatDirecciones.IDMens,Mensajero,Catalogo,,,DatDocumentos.StatusCob,Estatus de Cobro,Catalogo,,,IDAjustador,Ajustador,
CatContactos.Obs,Observaciones,,,,CatDirecciones.CodCol,Código de Colonia,ID de Sepomex,,,DatDocumentos.StatusUser,Estatus Usuario,Catalogo,,,IDMotRech,ID de Motivo de Rechazo,
CatContactos.SendMail,Envió por Mail,Catalogo  0/1,,,CatDirecciones.CodPMD,Código de Pob/Mun/Del,ID de Sepomex,,,DatDocumentos.FolioNo,No. de Folio,,,,NotasRechazo,Notas del rechazo,
CatContactos.FtoMail,Formato de Mail,Catalogo,,,CatDirecciones.CodCd,Código de Ciudad,ID de Sepomex,,,DatDocumentos.PrimaNeta,Prima Neta,,,,Observaciones,Observaciones,
CatContactos.SendPhone,Envió SMS,Catalogo  0/1,,,CatDirecciones.CodEdo,Código de Estado,ID de Sepomex,,,DatDocumentos.Descuento,Descuento,,,,ObservacionesAdic,Observaciones adicionales,
CatContactos.Religion,Religión,,,,,,,,,DatDocumentos.PorDesc,% Descuento,,,,FCirugia,Fecha de Cirugia,
CatContactos.TSanguineo,Tipo Sanguíneo,,,,,,,,,DatDocumentos.ExtraPrima,Extra Prima,,,,IDTitular,Titular,
CatContactos.ObsSalud,Observaciones Sobre Salud,,,,Documentos Detalle,,,,,DatDocumentos.PorExtraP,% Extra Prima,,,,IDAfectado,Afectado,
CatContactos.Idioma,Idioma,,,,Campo,Descripcion,Comentarios,,,DatDocumentos.Recargos,Recargos,,,,Parent,Parentesco,
CatContactos.TIngreso,Como se Ingreso,Catalogo,,,DatDoctoDetail.IDDetail,ID del Detalle,,,,DatDocumentos.PorRecargos,% Recargos,,,,Medico,Doctor,
CatContactos.FEntero,Como se entero,Catalogo,,,DatDoctoDetail.IDDocto,ID del Documento Relacion,Requerido,,,DatDocumentos.Derechos,Derechos,,,,Hospital,Hospital,
CatContactos.ClaveTKM,Clave TMK,,,,DatDoctoDetail.IDInc,ID del Numero de Inciso,Requerido,,,DatDocumentos.GastosAdm,Gastos Admin.,,,,Comentario,Comentario,
CatContactos.Edad,Edad,,,,DatDoctoDetail.IDAseg,ID del Asegurado o conductor Habitual,,,,DatDocumentos.STotal,Sub total,,,,ClaveBit,Clave Bitacora,
CatContactos.NumPasaporte,Pasaporte,,,,DatDoctoDetail.IDDir,ID de la Direccion de Riesgo,,,,DatDocumentos.Impuesto1,IVA,,,,NumReporte,Número de Reporte,
CatContactos.NumID,Identificación,,,,DatDoctoDetail.CEVIC,Clave CEVIC,,,,DatDocumentos.PorImp1,% IVA,,,,NumInc,Número de inciso,
CatContactos.NSS,No. Seguridad Social,,,,DatDoctoDetail.Clave,Clave de Tarifa,,,,DatDocumentos.Impuesto2,Impuesto,,,,HospConvenio,Hospital de Convenio,
CatContactos.NAfore,No. de Afore,,,,DatDoctoDetail.Marca,Marca del Vehiculo,,,,DatDocumentos.PorImp2,% Impuesto,,,,MedConvenio,Médico de Convenio,
CatContactos.Percepcion,Sueldo,,,,DatDoctoDetail.Tipo,Tipo de vehiculo,,,,DatDocumentos.FondoInv,F. de Inversión,,,,FCaptura,Fecha de captura,
CatContactos.GAfinidad,Grupo Afinidad,Catalogo,,,DatDoctoDetail.Transmision,Trasmision,,,,DatDocumentos.Ajuste,Ajuste,,,,IDRiesgo,ID Riesgo,
CatContactos.NEmpleado,No. de Empleado,,,,DatDoctoDetail.Puertas,No. de Puertas,,,,DatDocumentos.PrimaTotal,Prima Total,,,,IDCtrolImp,Control de Importacion,
CatContactos.CCosto,Centro de Costo,,,,DatDoctoDetail.Modelo,Modelo,,,,DatDocumentos.Comision0,Neta,,,,IDUserC,ID del Usuario que lo Capturo,
CatContactos.Telefono1,Teléfono 1,"Compocision  de Los Telefonos
Tipo|Numero
Casa|5555555",,,DatDoctoDetail.Serie,Serie de Vehiculo,Requerido en vehículos,,,DatDocumentos.PorCom0,% Com. Neta,,,,IDUserR,ID del Usuario Responsbale,
CatContactos.Telefono2,Teléfono 2,,,,DatDoctoDetail.Motor,Motor del Vehiculo/Maquinaria Aviones,,,,DatDocumentos.Comision1,Extra Prima,,,,IDUserT,ID del Usuario Que lo Concluyó,
CatContactos.Telefono3,Teléfono 3,,,,DatDoctoDetail.Repuve,REPUVE de Vehiculo,,,,DatDocumentos.PorCom1,% Com. Extra Prima,,,,Reserva,Reserva,
CatContactos.Telefono4,Teléfono 4,,,,DatDoctoDetail.Placas,Placas de Vehiculo /Aviones Matricula,,,,DatDocumentos.Comision2,Recargos,,,,Ajuste,Ajuste,
CatContactos.LicenciaTipo,Tipo Licencia,,,,DatDoctoDetail.IDEdoCircula,Id del Estado de Circulacion,ID de acuerdo a SEPOMEX,,,DatDocumentos.PorCom2,% Com. Recargos,,,,Gastos,Gastos,
CatContactos.LicenciaNum,No. Licencia,,,,DatDoctoDetail.EstadoCircula,Estado de Circulacion,,,,DatDocumentos.Comision3,Derechos,,,,GAI,GAI,
CatContactos.Comentario,Comentario,,,,DatDoctoDetail.Color,Color Vehiculo,,,,DatDocumentos.PorCom3,% Com. Derechos,,,,Salvamento,Salvamento,
CatContactos.Percepcion,Valor de Activos Fijos,,,,DatDoctoDetail.Ocupantes,Ocupantes,,,,DatDocumentos.Comision4,Cancelación,,,,SinNeto,SinNeto,
CatContactos.IDCtrolImp,Control de Importación,,,,DatDoctoDetail.Servicio,Servicio que Presta el Vehiculo,,,,DatDocumentos.PorCom4,% Com. Cancelación,,,,CategoriaCie10,Indica el nombre general de categoria a la que pertenece la causa en caso de existir valor en el campo ClaveCie (solo se muestra para corredor master),
CatContactos.WebPassword,Contraseña,,,,DatDoctoDetail.UsoVehiculo,Uso Vehiculo,,,,DatDocumentos.Comision5,Promotor,,,,ClaveCie,Indica Clave particular del padecimiento conforme al catalogo CIE 10 (solo se muestra para corredor master),
CatContactos.WebStatus,Estatus del Acceso,,,,DatDoctoDetail.Cochera,Si tiene o no Cochera,Sí/No (1/0),,,DatDocumentos.PorCom5,% Com. Promotor,,,,FieldOpen1,Campo Abierto 1,
CatContactos.WebIDProfile,Perfil de Acceso,Enviar 0,,,DatDoctoDetail.TipoCarga,Tipo de Carga,,,,DatDocumentos.Comision6,Especial,,,,FieldOpen2,Campo Abierto 2,
CatContactos.WebMailLogin,Correo para acceso WEB,,,,DatDoctoDetail.Tonelaje,Tonelaje,,,,DatDocumentos.PorCom6,% Com. Especial,,,,FieldOpen3,Campo Abierto 3,
CatContactos.WebCodeAuth,Código de Autorización,,,,DatDoctoDetail.LocalizadorCia,Compañía Localizadora,,,,DatDocumentos.Comision7,Adicional 1,,,,FieldOpen4,Campo Abierto 4,
CatContactos.GreenClient,Cliente Verde,0/1,,,DatDoctoDetail.LozalizadorSerie,Serie del Localizador,,,,DatDocumentos.PorCom7,% Com. Adicional 1,,,,ImpEmbarqueVenta,Importe de Embarque Venta,
CatContactos.FGreenClient,Fecha Cliente Verde,,,,DatDoctoDetail.EqEsp,Descripcion del Equipo Especial,,,,DatDocumentos.Comision8,Adicional 2,,,,ImpEmbarqueCosto,Importe de Embarque Costo,
CatContactos.AvisoPriv,Aviso de Privacidad,0/1,,,DatDoctoDetail.EqEspSAseg,Suma ASegurada del Equipo Especial,,,,DatDocumentos.PorCom8,% Com. Adicional 2,,,,ImpRobo,Importe de Robo,
CatContactos.FAvisoPriv,Fecha Aviso Privacidad,,,,DatDoctoDetail.Adap,Descripcion de las Adaptaciones,,,,DatDocumentos.Comision9,Adicional 3,,,,ImpRoboCosto,Importe de Robo Costo,
CatContactos.FolletoInf,Folleto Informativo,0/1,,,DatDoctoDetail.AdapSAseg,Suma ASegurada de las Adaptaciones,,,,DatDocumentos.PorCom9,% Com. Adicional 3,,,,PerdidaRealCosto,Perdida Real Costo,
CatContactos.FFolletoInf,Fecha Folleto Informativo,,,,DatDoctoDetail.RemDescripcion,Descripcion del Remolque,,,,DatDocumentos.Referencia1,Referencia 1,,,,Indemnizacion,Indeminización,
CatContactos.CCobMail2,Correo Cobro,,,,DatDoctoDetail.RemDescripcion,Marca del Remolque,,,,DatDocumentos.Referencia2,Referencia 2,,,,IDReporta,ID Persona que Reportó,
,,,,,DatDoctoDetail.RemTipo,Tipo del Remolque,,,,DatDocumentos.Referencia3,Referencia 3,,,,IDDest,ID Destinatario,
,,,,,DatDoctoDetail.RemModelo,Modelo Remolque,,,,DatDocumentos.Concepto,Concepto,,,,FConocDelit,Fecha,
,,,,,DatDoctoDetail.RemClave,Clave del Remolque,,,,DatDocumentos.Notas,Notas,,,,FPresSnDenu,Fecha,
,,,,,DatDoctoDetail.RemPlacas,Placas del Remolque,,,,DatDocumentos.ClasDocto,Clasificación Documento,Catalogo,,,FNotyfDicta,Fecha,
,,,,,DatDoctoDetail.RemSerie,Serie del Remolque,,,,DatDocumentos.APDP,Derechos de Póliza,0  1er Recibo 1 proporcional,,,FPresEscrit,Fecha,
,,,,,DatDoctoDetail.RemSAseg,Suma Asegurada del Remolque,,,,DatDocumentos.CCP,Calculo Recibos Póliza,0,,,FReclaDenun,Fecha,
,,,,,DatDoctoDetail.IDProdCR,ID de Producto  Compañía  y Ramo,,,,DatDocumentos.CCE,Calculo Recibos Endosos,0,,,Fpago,Fecha de pago,
,,,,,DatDoctoDetail.TFlotilla,Tipo de Flotilla,,,,DatDocumentos.DPPR,Días de Revisión de Pago (1er.  Recibo),Enviar Numero de Dias,,,FPresImput,Fecha,
,,,,,DatDoctoDetail.ReqInsp,Si se requiere o no Inspeccion,Sí/No (1/0),,,DatDocumentos.DPRS,Días de Revisión de Pago (Subsecuentes),0,,,FImputPag,Fecha,
,,,,,DatDoctoDetail.Coaseguro,Gastos Medicos Coaseguro,,,,DatDocumentos.Renovable,Es Renovable,1,,,FPresSent,Fecha,
,,,,,DatDoctoDetail.Tempo,Temporalidad,,,,DatDocumentos.MarcarFinish,Al Vencer Marcar Como,0,,,FRecepEscri,Fecha,
,,,,,DatDoctoDetail.Incremento,Incremento,,,,DatDocumentos.Comentario,Comentario,,,,FEntregEscri,Fecha,
,,,,,DatDoctoDetail.PIncre,Porcentaje de Incremento,,,,DatDocumentos.IDCalPagos,Calendario de Pagos,Catalogo,,,FReqPago,Fecha,
,,,,,DatDoctoDetail.Modulos,Numero de Modulos Contratados,,,,DatDocumentos.IncInic,Inciso Inicial,,,,FRecupera,Fecha,
,,,,,DatDoctoDetail.IDSecond,ID de Asegurado Secundario,,,,DatDocumentos.Prefijo,Prefijo,,,,FPresenta,Fecha,
,,,,,DatDoctoDetail.TipoObra,Tipo de Obra,,,,DatDocumentos.AutoInc,Incremento Automático para Inciso,1,,,IDUserD,Usuario,
,,,,,DatDoctoDetail.DescripcionObra,Descripcion de la Obra,,,,DatDocumentos.ReferenciaPago,Referencia de Pago,,,,IDUserDe,Usuario,
,,,,,DatDoctoDetail.TipoInmueble,Familiar/Emp Tipo de Inmueble,,,,DatDocumentos.IDDespacho,Despacho,Catalogo,,,FDesestimiento,Fecha de desestimiento,
,,,,,DatDoctoDetail.Muros,Familiar/Emp Muros,,,,DatDocumentos.IDGerencia,Gerencia,Catalogo,,,FDormido,Fecha dormido,
,,,,,DatDoctoDetail.Techos,Familiar/Emp Techo,,,,DatDocumentos.Inciso,Inciso,,,,Obs,Observaciones,
,,,,,DatDoctoDetail.EntrePisos,Familiar/EntrePisos,,,,DatDocumentos.IDLineBuss,Línea de Negocio,Catalogo,,,StatusCD,Estatus sobre archivo subido al centro Digital,
,,,,,DatDoctoDetail.Sotanos,Numero de Sotanos,,,,DatDocumentos.IsEspecial,Tramite Especial,,,,IDClaimWS,ID Relacionado a Cia WS,
,,,,,DatDoctoDetail.Mezzanines,Numero de Mezzanines,,,,DatDocumentos.IsProduction,Es Producción,0 / 1,,,Factura,Factura,Campos específicos Murgía
,,,,,DatDoctoDetail.Pisos,Numero de Pisos,,,,DatDocumentos.TCDocto,T. de Cambio,,,,FSolicitud,Fecha solicitud,
,,,,,DatDoctoDetail.Nivel,Niveles,,,,DatDocumentos.StatusRen,Control de Renovación,,,,FRecepcion,Fecha recepción,
,,,,,DatDoctoDetail.PlantaP,Planta Principal,,,,DatDocumentos.PorcentRen,Incremento Renovación,,,,FAutorizacion,Fecha autorización,
,,,,,DatDoctoDetail.Colindantes,Obra Civil Colindantes,,,,DatDocumentos.IDUserR,Usuario para Renovación,Catalogo,,,DeduciblePor,Porcentaje deducible,
,,,,,DatDoctoDetail.SuperficieTotal,Obra Civil  Superficie Total Construida  / Familiar Metros Cuadrados del Inmueble,,,,DatDocumentos.IDUserC,Usuario que Capturo,Catalogo,,,DeducibleCon,Deducible condonado,
,,,,,DatDoctoDetail.SubSuelo,Obra Civil  Tipo de Subsuelo,,,,DatDocumentos.Referencia4,Referencia 4,,,,PrimaNoDev,Prima no devengada,
,,,,,DatDoctoDetail.TraficVehic,Familiar Trafico Vehicular,,,,DatDocumentos.IDEjecutCob,Ejecutivo de Cobranza,Catalogo,,,FDevPrimNoDev,Fecha Devolución prima no devengada,
,,,,,DatDoctoDetail.CalculoSReg,Obra Civil  Calculo Sobre Reglamentos Oficiales  / Empresariales Primer Riesgo o Riesgos Epecificos,0/1,,,DatDocumentos.IDEjecutRec,Ejecutivo de Reclamo,Catalogo,,,FActivGest,F Activación gestoria,
,,,,,DatDoctoDetail.Giro,Empresarial  Giro,,,,DatDocumentos.FRevision,Revisado,,,,FEntregaExp,F. Entrega exp. Fisico gestría,
,,,,,DatDoctoDetail.Uso,Tipo de Uso (Equipo Contratistas)  / Pais de Cobertura Obj Per,,,,DatDocumentos.FCotizacion,Cotización Enviada,,,,IDNegocio,ID del Negocio,
,,,,,DatDoctoDetail.TipoContra,Tipo de Contratante,,,,DatDocumentos.UserReviso,Usuario que Reviso,Catalogo,,,IDIndemnizacion,ID forma de indemnización,
,,,,,DatDoctoDetail.CercaRio,Familiar Cercania a Rio,,,,DatDocumentos.UserCotizo,Usuario que Cotizo,Catalogo,,,REjecutCli,Ejecutivo cliente,
,,,,,DatDoctoDetail.CercaMar,Familiar Cercania a Mar,,,,DatDocumentos.PrimaAdic1,Adicional 1,,,,REjecutRCli,Ejecutivo reclamos cliente,
,,,,,DatDoctoDetail.Multiclausula,Familiar Multi Clausula,,,,DatDocumentos.PrimaAdic2,Adicional 2,,,,Deslinde,Deslinde,
,,,,,DatDoctoDetail.AnioC,Familiar Año de Construccion/Aviones Anio Fabricacion,,,,DatDocumentos.PrimaAdic3,Adicional 3,,,,EstatusActual,Estatus Actual,
,,,,,DatDoctoDetail.Azotea,Familiar Construccion en Azotea,Sí/No (1/0),,,DatDocumentos.PrimaAdic4,Adicional 4,,,,FingresoCDR,Fecha de ingreso del centro digital,
,,,,,DatDoctoDetail.Mercancia,Transportes Mercancia,,,,DatDocumentos.PrimaAdic5,Adicional 5,,,,FValuacion,Fecha de valuación,
,,,,,DatDoctoDetail.IDEmpaque,Transportes Empaque de la Mercancia,,,,DatDocumentos.PTotalAdic,P. Total C/Adicional,,,,FAutValuacion,Fecha de valuación,
,,,,,DatDoctoDetail.IDEmbalaje,Transportes Embalaje de la mercancia,,,,DatDocumentos.SubMotStatus,Sub Motivo,,,,Refacciones,Refacciones,
,,,,,DatDoctoDetail.IDTipoMerc,Transportes Tipo de Mercancia,,,,DatDocumentos.IDYo,Y/O,Catalogo / IDCont,,,FPromRefacciones,Fecha,
,,,,,DatDoctoDetail.Observaciones,Observaciones Transportes/Empresariales,,,,DatDocumentos.IsCoaseguro,Coaseguro,,,,TipoDeducible,Tipo de Deducible,
,,,,,DatDoctoDetail.Origen,Transportes Origen de la Mercancia,,,,DatDocumentos.IsReaseguro,Reaseguro,,,,TipoGestion,Tipo de Gestion,
,,,,,DatDoctoDetail.Destino,Transportes Destino de la mercancia,,,,DatDocumentos.FRevision2,Segunda Revisión,,,,FRevision,Fecha de revisión,
,,,,,DatDoctoDetail.TipoDeclara,"Transportes Tipo de Transportes (Anual, Mensual, Especifica)",,,,DatDocumentos.UserReviso2,Usuario 2da Revisión,Catalogo,,,PeriodoVig,Periodo de vigencia al que pertenece el siniestro de acuerdo a la fecha de siniestralidad,
,,,,,DatDoctoDetail.SAAdic1,Transportes Suma Asegurada Adicional 1 VGpo SAsegurada,,,,DatDocumentos.RetCom,Retener Comisión,,,,TipoDocto,Tipo de documento EXTERNA O INTERNA de acuerdo al prefijo de la clave del agente,
,,,,,DatDoctoDetail.SAAdic2,Transportes Suma Asegurada Adicional 2,,,,DatDocumentos.Comision10,Adicional 4,,,,IDFacturaOrig,ID de la factura original,Campo específico Murgía
,,,,,DatDoctoDetail.SAAdic3,Transportes Suma Asegurada Adicional 3,,,,DatDocumentos.PorCom10,% Com. Adicional 4,,,,FPendCarpetaI,Fecha,Campos específicos SICUREZZA
,,,,,DatDoctoDetail.DeducibleTra,Transportes Deducible,,,,DatDocumentos.Comision11,Adicional 5,,,,FPendDenunciaI,Fecha,
,,,,,DatDoctoDetail.Capacidad,Aviones Capacidad Cascos,,,,DatDocumentos.PorCom11,% Com. Adicional 5,,,,FProcCiaI,Fecha,
,,,,,DatDoctoDetail.Puerto,Aviones  Aeropuerto o Puerto Cascos,,,,,,,,,FEnGruasI,Fecha,
,,,,,DatDoctoDetail.BaseAerea,Aviones Base Aerea,,,,,,,,,FSinIngresoCDRI,Fecha,
,,,,,DatDoctoDetail.Tripulantes,Aviones Tripulantes,,,,Pagos de Recibos,,,,,FProcesoLegalI,Fecha,
,,,,,DatDoctoDetail.Clausulas,Aviones  Clausulas,,,,Campo,Descripcion,Comentarios,,,FProcesoReparacionI,Fecha,
,,,,,DatDoctoDetail.Limites,Aviones Limites,,,,DatPagosRec.IDPagoRec,ID del Pago de Recibo,-1 Para Nuevo,,,FTermPendPagoDedI,Fecha,
,,,,,DatDoctoDetail.ValorCasco,Aviones Valor del Casco,,,,DatPagosRec.IDRecibo,ID Autonumerico de los Recibos o Parcialidades,,,,FPendRecolectarI,Fecha,
,,,,,DatDoctoDetail.DedVuelo,Aviones Deducible en Vuelo,,,,DatPagosRec.Importe,Importe Pagado ya Convertido al Tipo de Moneda del Documento,,,,FCerradoI,Fecha,
,,,,,DatDoctoDetail.DedTierra,Aviones Deducible en Tierra,,,,DatPagosRec.TPago,Tipo de Pago,0Directo 1 TC,,,FFecha1I,Fecha,
,,,,,DatDoctoDetail.Clase,Aviones Clase,,,,DatPagosRec.IDTarjeta,Identificador Autonumérico de catálogo de tarjetas,,,,FFecha2I,Fecha,
,,,,,DatDoctoDetail.NombreBarca,Barcos Nombre Embarcacion,,,,DatPagosRec.FPago,Fecha de Cobro,,,,FPendCarpetaF,Fecha,
,,,,,DatDoctoDetail.Manga,Barcos Manga,,,,DatPagosRec.FolioCh,Folio de Cheque de Entrada,,,,FPendDenunciaF,Fecha,
,,,,,DatDoctoDetail.Eslora,Barcos Eslora,,,,DatPagosRec.TipoDocto,Tipo de Documento,,,,FProcCiaF,Fecha,
,,,,,DatDoctoDetail.Puntual,Barcos Puntual,,,,DatPagosRec.Banco,Banco,,,,FEnGruasF,Fecha,
,,,,,DatDoctoDetail.TonelajeB,Barcos Tonelaje Bruto,,,,DatPagosRec.FolioDocto,Folio de Documento Pago,,,,FSinIngresoCDRF,Fecha,
,,,,,DatDoctoDetail.Bandera,Barcos Bandera,,,,DatPagosRec.FDocto,Fecha del Documento,,,,FProcesoLegalF,Fecha,
,,,,,DatDoctoDetail.MaterialF,Barcos Material de Fabricacion,,,,DatPagosRec.NLiquidacion,Número de Liquidación,,,,FProcesoReparacionF,Fecha,
,,,,,DatDoctoDetail.ValorEmbarca,Barcos Valor Embarcacion,,,,DatPagosRec.FLiquidacion,Fecha de liquidación o pago,,,,FTermPendPagoDedF,Fecha,
,,,,,DatDoctoDetail.Redes,Barcos Redes,,,,DatPagosRec.ConfirmLiq,Confirmación de Liquidación de Cia,,,,FPendRecolectarF,Fecha,
,,,,,DatDoctoDetail.Trailer,Barcos Trailer / Empresariales = L.U.C.,0/1,,,DatPagosRec.FolioLiqCia,Folio de Liquidación de Cia,,,,FCerradoF,Fecha,
,,,,,DatDoctoDetail.Contrato,Fianzas Contrato,,,,DatPagosRec.FConfirmLiq,Fecha Confirmacion de Liquidacion ante Cia,,,,FFechaAdic1F,Fecha,
,,,,,DatDoctoDetail.Folio,Fianzas Folio,,,,DatPagosRec.IDMonPago,ID de la Moneda de Pago,,,,FFechaAdic2F,Fecha,
,,,,,DatDoctoDetail.TipoFia,Fianzas Tipo de Fianza,,,,DatPagosRec.TCDocto,Tipo de Cambio del Documento,,,,PrimasNoDev,Primas no devengadas,
,,,,,DatDoctoDetail.ProdFia,Fianzas Producto de Fianza,,,,DatPagosRec.TCPago,Tipo de Cambio del Pago,,,,NumFact,Número de factura,
,,,,,DatDoctoDetail.Monto,Fianzas Monto de Fianza Incial,,,,DatPagosRec.ImporteP,Importe Pago   en el Tipo de Moneda de Pago,,,,FPSintomaF,Fecha primer síntoma,
,,,,,DatDoctoDetail.Amortizacion,Fianzas Amortizacion,,,,DatPagosRec.IDRemanente,Id que hace referencia cuando se genera un pago mediante prima en deposito (DatRemanentes),,,,FPromTerminaF,Fecha de terminación factura,
,,,,,DatDoctoDetail.TarifaFia,Tarifa De Fianza que se utiliza Para Efecto de Prima,,,,DatPagosRec.Observaciones,Observaciones,,,,FElaboracionF,Fecha de Elaboración factura,
,,,,,DatDoctoDetail.ValorContrato,Valor del Contrato,,,,DatPagosRec.IDCli,Cliente,,,,FRecepF,Fecha de recepción de factura,
,,,,,DatDoctoDetail.PContrato,Porcentaje de Contrato,,,,DatPagosRec.IDUserC,ID Usuario que Cobra,,,,FEnvioF,Fecha de envío de factura,
,,,,,DatDoctoDetail.FInicioObl,Fianzas Inicio de Obligacion,,,,DatPagosRec.IDUserL,ID Usuario que Liquida,,,,FReclamacionF,Fecha de reclamación de factura,
,,,,,DatDoctoDetail.FFinObl,Fianzas Fin de Obligacion,,,,DatPagosRec.PrimaNeta,PrimaNeta,,,,RvaInicial,Fecha,Campo específico SICUREZZA
,,,,,DatDoctoDetail.Relativo,Fianzas Relativo a,,,,DatPagosRec.Descuento,Descuento,,,,FIniContrato,Fecha inicio de contrato ,Campo específico Murgía
,,,,,DatDoctoDetail.NumEmp,Fianzas  Numero de Empleados,,,,DatPagosRec.ExtraPrima,ExtraPrima,,,,Delito,Delito,
,,,,,DatDoctoDetail.NumObr,Fianzas Numero de Obreros,,,,DatPagosRec.Recargos,Recargos,,,,Objetivo,Asunto Objetivo,
,,,,,DatDoctoDetail.NumVend,Fianzas Numero de Vendedores,,,,DatPagosRec.Derechos,Derechos,,,,CPostalSin,Codigo postal del siniestro,
,,,,,DatDoctoDetail.IDSolicitante,Fianzas ID del Solicitante,,,,DatPagosRec.GastosAdm,Gastos de Administración,,,,PoblacionSin,Poblacion del siniestro,
,,,,,DatDoctoDetail.Base,Fianzas Base,,,,DatPagosRec.Stotal,SubTotal,,,,EstadoSin,Ciudad del siniestro,
,,,,,DatDoctoDetail.BonifCia,Fianzas Bonificacion de la Cia,,,,DatPagosRec.Impuesto1,Impuesto1,,,,FEntFacOrigCia, F. Entrega factura original a la aseguradora,
,,,,,DatDoctoDetail.Bonif,Fianzas Bonificacion General,,,,DatPagosRec.Impuesto2,Impuesto2,,,,,,
,,,,,DatDoctoDetail.PorBonifCia,Fianzas Porcentaje de Bonificacion  Cia,,,,DatPagosRec.Impuesto3,Impuesto3,,,,,,
,,,,,DatDoctoDetail.PorBonif,Fianzas Porcentaje de Bonificacion  General,,,,DatPagosRec.FondoInv,Fondo de Inversión,,,,,,
,,,,,DatDoctoDetail.Deducible,Fianzas/Transportes Deducible,,,,DatPagosRec.Ajuste,Ajuste,,,,,,
,,,,,DatDoctoDetail.SumaAseg,Suma Asegurada,,,,DatPagosRec.PrimaTotal,Prima Total,,,,,,
,,,,,DatDoctoDetail.IDMonContrato,Moneda del Contrato,,,,DatPagosRec.Comision0,Comision0,,,,,,
,,,,,DatDoctoDetail.TCContrato,Tipo de Cambio del Contrato,,,,DatPagosRec.Comision1,Comision1,,,,,,
,,,,,DatDoctoDetail.MontoTCContrato,Fianzas Monto a TC del Contrato,,,,DatPagosRec.Comision2,Comision2,,,,,,
,,,,,DatDoctoDetail.FAdic1,Fecha Adicional 1,,,,DatPagosRec.Comision3,Comision3,,,,,,
,,,,,DatDoctoDetail.FAdic2,Fecha Adicional 2,,,,DatPagosRec.Comision4,Comision4,,,,,,
,,,,,DatDoctoDetail.MRiesgosCub,Riesgos Cubiertos,,,,DatPagosRec.Comision5,Comision5,,,,,,
,,,,,DatDoctoDetail.MCondEsp,Condiciones especiales,,,,DatPagosRec.Comision6,Comision6,,,,,,
,,,,,DatDoctoDetail.MDeducibles,Deducibles,,,,DatPagosRec.Comision7,Comision7,,,,,,
,,,,,DatDoctoDetail.MExclusiones,Exclusiones,,,,DatPagosRec.Comision8,Comision8,,,,,,
,,,,,DatDoctoDetail.MSujetoA,Sujeto a,,,,DatPagosRec.Comision9,Comision9,,,,,,
,,,,,DatDoctoDetail.IsPolMasterNom,Es poliza maestra o numero de poliza maestra para certificado,Sí/No (1/0),,,DatPagosRec.Comision10,Comision10,,,,,,
,,,,,DatDoctoDetail.CobExtranjero,Cobertura en el extranjero filmes,Sí/No (1/0),,,DatPagosRec.Comision11,Comision11,,,,,,
,,,,,DatDoctoDetail.TipoProd,Tipo de producción filmes,,,,DatPagosRec.FCreatePag,Fecha de Aplicación de pago,,,,,,
,,,,,DatDoctoDetail.TiempoProd,Tiempo de producción filmes,,,,DatPagosRec.Excedente,Excedente,,,,,,
,,,,,DatDoctoDetail.TipoHist,Tipo de historia filmes,,,,DatPagosRec.IsExcedente,Es Excedente?,Si=1 No=0,,,,,
,,,,,DatDoctoDetail.NotasObs,Notas observaciones filmes,,,,DatPagosRec.TipoExcedente,Tipo de Excedente,,,,,,
,,,,,DatDoctoDetail.TipoMercancia,Tipo de mercancia de la tabla CCatTMercancia,,,,DatPagosRec.NotasExc,Notas sobre Excedente,,,,,,
,,,,,DatDoctoDetail.ValorAseg,Valor de mercancia aseguramiento,,,,,,,,,,,
,,,,,DatDoctoDetail.Transito,Tipo de transito 0 Nacional 1 Internacional,,,,,,,,,,,
,,,,,DatDoctoDetail.Tarfia,Tarfia aplicación,,,,,,,,,,,
,,,,,DatDoctoDetail.TarifaE,Tarifa E.,,,,,,,,,,,
,,,,,DatDoctoDetail.IDProyecto,ID Proyecto,,,,,,,,,,,
,,,,,DatDoctoDetail.Empaque,Empaque (Mercancia Segura),,,,,,,,,,,
,,,,,DatDoctoDetail.Embalaje,Embalaje (Mercancia Segura),,,,,,,,,,,
,,,,,DatDoctoDetail.MedioTrans,Medio de Transporte(Mercancia Segura),,,,,,,,,,,
,,,,,DatDoctoDetail.MedioCond,Medio de Conduccion(Mercancia Segura),,,,,,,,,,,
,,,,,DatDoctoDetail.ValFactura,Valor Factura Automóviles,,,,,,,,,,,
,,,,,DatDoctoDetail.IDTercero,ID de Asegurado Tercero,,,,,,,,,,,
,,,,,DatDoctoDetail.TipoUnidad,Tipo de Unidad,,,,,,,,,,,
,,,,,DatDoctoDetail.TipoValor,TIpo Valor,,,,,,,,,,,
,,,,,DatDoctoDetail.Salvamento,Salvamento,Sí/No (1/0),,,,,,,,,,
,,,,,DatDoctoDetail.OrigenVeh,Origen,,,,,,,,,,,
,,,,,DatDoctoDetail.Prima,Prima aplicación,,,,,,,,,,,